time,seconds_elapsed,bearingAccuracy,speedAccuracy,verticalAccuracy,horizontalAccuracy,speed,bearing,altitude,longitude,latitude
1752116314137420000,0.649419921875,152.89999389648438,2.299999952316284,1.0401041507720947,1.625,0.16202640533447266,117.5920639038086,582.2000122070312,73.9188337,18.4509717
1752116314632324400,1.144324462890625,179.89999389648438,1.5,1.045053243637085,1.6200000047683716,0.1858317106962204,134.3101806640625,582.2000122070312,73.9188316,18.4509715
1752116315215498200,1.727498291015625,179.89999389648438,1.100000023841858,1.0508849620819092,1.5800000429153442,0.15036308765411377,189.43653869628906,582.2000122070312,73.9188274,18.4509703
1752116315736260600,2.248260498046875,162.39999389648438,1,1.056092619895935,1.600000023841858,0.17567984759807587,201.50274658203125,582.2000122070312,73.9188269,18.4509698
1752116316220385500,2.732385498046875,159.10000610351562,0.8999999761581421,1.0609338283538818,1.6160000562667847,0.18627329170703888,205.79737854003906,582.2000122070312,73.9188256,18.4509696
1752116316724294100,3.236294189453125,0,0.800000011920929,1.065972924232483,1.6660000085830688,0.0725502297282219,0,582.2000122070312,73.9188252,18.4509697
1752116317723361000,4.235361083984375,0,1.399999976158142,1.0759636163711548,1.684999942779541,0.02533634379506111,0,582.2000122070312,73.9188227,18.4509674
1752116318719646700,5.231646728515625,0,1.100000023841858,20.985105514526367,1.7000000476837158,0.046421296894550323,0,587.3999633789062,73.918822,18.4509632
1752116319723274200,6.235274169921875,0,1,20.995141983032227,1.7000000476837158,0.09759931266307831,0,587.3999633789062,73.9188206,18.4509559
1752116320723982800,7.23598291015625,179.89999389648438,0.800000011920929,21.00514793395996,1.7139999866485596,0.13778962194919586,194.56948852539062,587.3999633789062,73.9188153,18.4509537
1752116321719126300,8.231126220703125,179.89999389648438,0.800000011920929,21.015100479125977,1.75,0.11144305020570755,186.71383666992188,587.3999633789062,73.9188126,18.4509531
1752116322721219800,9.2332197265625,0,0.800000011920929,21.025121688842773,1.7660000324249268,0.04615399241447449,0,587.3999633789062,73.9188119,18.4509556
1752116323720665600,10.23266552734375,121.0999984741211,1.7999999523162842,2.135617971420288,1.7599999904632568,0.18577292561531067,55.16389846801758,582.2000122070312,73.9188144,18.4509589
1752116324719021800,11.231021728515625,42.400001525878906,2,2.145601511001587,1.7829999923706055,0.6089300513267517,57.26431655883789,582.2000122070312,73.9188278,18.4509626
1752116325721811000,12.23381103515625,20.600000381469727,2.0999999046325684,2.1556293964385986,1.815999984741211,1.4159023761749268,63.56704330444336,582.2000122070312,73.9188611,18.4509705
1752116326720639700,13.2326396484375,13.800000190734863,1.899999976158142,2.1656177043914795,1.8799999952316284,2.61186146736145,66.44439697265625,582.2000122070312,73.9189129,18.4509844
1752116327726501000,14.238501220703125,11,1.899999976158142,2.1756763458251953,1.9199999570846558,3.8546974658966064,67.89456939697266,582.2000122070312,73.9189787,18.4510025
1752116328720853500,15.232853515625,8.600000381469727,1.600000023841858,2.185619831085205,1.9600000381469727,5.2612690925598145,69.17084503173828,582.2000122070312,73.9190544,18.451023
1752116329720124400,16.23212451171875,7.099999904632568,1.399999976158142,2.1956124305725098,1.9800000190734863,6.46405553817749,69.26294708251953,582.2000122070312,73.9191374,18.451049
1752116330721971500,17.233971435546874,5.599999904632568,1.2000000476837158,2.2056310176849365,1.9800000190734863,8.257132530212402,65.99934387207031,582.2000122070312,73.9192259,18.4510811
1752116331723267000,18.23526708984375,5.300000190734863,1.2000000476837158,2.215643882751465,1.9600000381469727,8.625689506530762,66.97914123535156,582.2000122070312,73.9193109,18.4511144
1752116332724473300,19.236473388671875,5.099999904632568,1.100000023841858,2.225656032562256,1.9329999685287476,8.623607635498047,65.02655029296875,582.2000122070312,73.9193922,18.4511492
1752116333724778500,20.236778564453125,5.599999904632568,1.2000000476837158,2.235659122467041,1.8799999952316284,8.640807151794434,63.03300094604492,582.2000122070312,73.9194722,18.451186
1752116334721844500,21.233844482421876,5,1.2000000476837158,2.2456297874450684,1.840000033378601,8.788082122802734,64.96916961669922,582.2000122070312,73.919552,18.451223
1752116335723847700,22.23584765625,4.900000095367432,1.100000023841858,2.2556498050689697,1.8200000524520874,8.876160621643066,65.98563385009766,582.2000122070312,73.9196339,18.4512594
1752116336721623000,23.233623046875,5.099999904632568,1.100000023841858,2.265627384185791,1.815999984741211,9.062180519104004,66.98382568359375,582.2000122070312,73.9197171,18.4512945
1752116337723203600,24.23520361328125,5.400000095367432,1.2000000476837158,2.2756433486938477,1.7999999523162842,9.229613304138184,67.98108673095703,582.2000122070312,73.9198009,18.4513309
1752116338720863000,25.232863037109375,5.300000190734863,1.2999999523162842,2.2856199741363525,1.7999999523162842,10.103697776794434,66.01710510253906,582.2000122070312,73.9198888,18.4513702
1752116339722744800,26.234744873046875,4,1.2000000476837158,2.2956387996673584,1.7999999523162842,10.669434547424316,65.00215911865234,582.2000122070312,73.9199823,18.4514152
1752116340722591000,27.234591064453124,4.099999904632568,1.2000000476837158,2.3056371212005615,1.7999999523162842,11.16193675994873,66.9640121459961,582.2000122070312,73.9200805,18.4514566
1752116341724244000,28.236243896484375,3.799999952316284,1.2000000476837158,2.3156538009643555,1.7999999523162842,11.404887199401855,68.96978759765625,582.2000122070312,73.9201854,18.4514951
1752116342722865400,29.234865478515626,3.5999999046325684,1.2000000476837158,2.3256399631500244,1.7999999523162842,11.678169250488281,69.98259735107422,582.2000122070312,73.9202909,18.4515331
1752116343726264300,30.238264404296874,3.700000047683716,1.2000000476837158,2.3356738090515137,1.7999999523162842,12.195073127746582,69.99205017089844,582.2000122070312,73.9204021,18.4515699
1752116344719563800,31.231563720703125,4.800000190734863,1.7000000476837158,2.345606803894043,1.7999999523162842,12.684883117675781,69.98408508300781,582.2000122070312,73.9205157,18.451611
1752116345718726000,32.23072583007813,5.400000095367432,1.7999999523162842,2.3555984497070312,1.815999984741211,13.177916526794434,69.0172119140625,582.2000122070312,73.9206355,18.4516542
1752116346714890200,33.22689013671875,5.599999904632568,2,2.3655600547790527,1.850000023841858,13.528562545776367,69.95327758789062,582.2000122070312,73.9207573,18.451698
1752116347716680400,34.22868041992187,5.199999809265137,2.200000047683716,2.3755781650543213,1.9160000085830688,13.435201644897461,69.04174041748047,582.2000122070312,73.9208783,18.4517372
1752116348722797600,35.234797607421875,5.699999809265137,2.4000000953674316,2.385639190673828,1.9830000400543213,14.036742210388184,66.10509490966797,582.2000122070312,73.9209969,18.4517787
1752116349723096300,36.23509643554687,7.400000095367432,2.5999999046325684,2.3956422805786133,2.0999999046325684,14.170207023620605,66.93621826171875,582.2000122070312,73.921117,18.4518257
1752116350722459400,37.23445947265625,5.400000095367432,2,2.4056358337402344,2.140000104904175,14.484292030334473,66.99130249023438,582.2000122070312,73.9212401,18.4518709
1752116351724217900,38.2362177734375,5,1.7999999523162842,2.4156534671783447,2.1600000858306885,14.774942398071289,66.99656677246094,582.2000122070312,73.9213738,18.4519203
1752116352723826200,39.235826171875,4.400000095367432,1.600000023841858,2.425649642944336,2.140000104904175,15.09266185760498,66.02391052246094,582.2000122070312,73.9215089,18.4519704
1752116353722023000,40.23402294921875,4,1.5,2.435631513595581,2.132999897003174,15.381173133850098,65.9968490600586,582.2000122070312,73.9216442,18.4520251
1752116354724867800,41.23686791992188,3.9000000953674316,1.600000023841858,2.445659875869751,2.0999999046325684,15.70637035369873,66.96867370605469,582.2000122070312,73.9217825,18.452083
1752116355716077600,42.22807763671875,3.299999952316284,1.5,2.4555721282958984,2.0829999446868896,16.043184280395508,68.9542465209961,582.2000122070312,73.921924,18.4521369
1752116356722254600,43.23425463867188,3.5,1.600000023841858,2.4656338691711426,2.065999984741211,16.1688289642334,68.0195083618164,582.2000122070312,73.9220695,18.4521871
1752116357720460000,44.2324599609375,3.0999999046325684,1.5,2.475615978240967,2.049999952316284,16.507532119750977,67.01338195800781,582.2000122070312,73.9222145,18.4522417
1752116358724640500,45.236640625,4.199999809265137,1.7000000476837158,2.4856576919555664,2,16.54213523864746,66.03046417236328,582.2000122070312,73.9223584,18.4523014
1752116359723885300,46.23588525390625,4.300000190734863,1.600000023841858,2.495650053024292,1.9830000400543213,16.41558265686035,66.00274658203125,582.2000122070312,73.9225031,18.4523631
1752116360719777500,47.231777587890626,4.099999904632568,1.600000023841858,2.5056090354919434,1.940000057220459,16.593259811401367,65.99713134765625,582.2000122070312,73.9226464,18.4524247
1752116361722740200,48.234740234375,3.700000047683716,1.5,2.515638589859009,1.9199999570846558,16.799680709838867,66.97349548339844,582.2000122070312,73.9227929,18.4524836
1752116362722032000,49.2340322265625,4.599999904632568,1.7999999523162842,2.5256316661834717,1.899999976158142,16.69904136657715,67.00065612792969,582.2000122070312,73.9229399,18.4525446
1752116363721834200,50.233834228515626,3.9000000953674316,1.5,2.5356295108795166,1.899999976158142,16.697912216186523,68.95055389404297,582.2000122070312,73.9230851,18.4525991
1752116364723942400,51.2359423828125,2.5,1.100000023841858,2.5456507205963135,1.899999976158142,16.789304733276367,69.9871597290039,582.2000122070312,73.9232347,18.4526533
1752116365721675500,52.23367553710938,2.799999952316284,1.2999999523162842,2.5556280612945557,1.899999976158142,16.54033851623535,71.97403717041016,582.2000122070312,73.9233849,18.452705
1752116366721613600,53.23361352539062,3,1.399999976158142,2.565627336502075,1.8830000162124634,16.550500869750977,71.99930572509766,582.2000122070312,73.9235334,18.4527516
1752116367721331000,54.2333310546875,2.799999952316284,1.2000000476837158,2.575624465942383,1.8660000562667847,16.5595703125,72.0000991821289,582.2000122070312,73.9236846,18.4527968
1752116368721340400,55.23334033203125,2.700000047683716,1.2000000476837158,2.5856246948242188,1.850000023841858,16.667980194091797,71.01211547851562,582.2000122070312,73.9238376,18.4528447
1752116369722920700,56.23492065429687,4.300000190734863,2,2.5956404209136963,1.8329999446868896,16.68699073791504,71.00016784667969,582.2000122070312,73.9239896,18.4528933
1752116370721875000,57.233875,4.400000095367432,1.899999976158142,2.6056299209594727,1.8200000524520874,16.699493408203125,71.9670639038086,582.2000122070312,73.9241399,18.4529418
1752116371720924700,58.23292456054688,4.300000190734863,1.7999999523162842,2.6156206130981445,1.8329999446868896,17.109880447387695,70.05484771728516,582.2000122070312,73.9242943,18.4529912
1752116372723446800,59.23544677734375,3.9000000953674316,1.600000023841858,2.625645637512207,1.8600000143051147,16.663707733154297,70.98323059082031,582.2000122070312,73.9244453,18.4530406
1752116373719780000,60.23178002929688,4,1.600000023841858,2.6356091499328613,1.8660000562667847,16.82721710205078,72.94477081298828,582.2000122070312,73.9245935,18.4530871
1752116374722662100,61.234662109375,4.400000095367432,1.7000000476837158,2.6456379890441895,1.8660000562667847,16.384519577026367,75.91613006591797,582.2000122070312,73.9247424,18.4531274
1752116375723070700,62.23507080078125,4.400000095367432,1.600000023841858,2.655642032623291,1.8600000143051147,15.477452278137207,78.93036651611328,582.2000122070312,73.9248904,18.4531562
1752116376727901000,63.23990087890625,4.5,1.5,2.6656901836395264,1.840000033378601,14.546810150146484,80.95989227294922,582.2000122070312,73.9250322,18.4531748
1752116377720413400,64.23241333007813,3.700000047683716,1.399999976158142,2.6756153106689453,1.8329999446868896,13.044222831726074,82.98773193359375,582.2000122070312,73.9251611,18.453188
1752116378723466800,65.235466796875,3.5999999046325684,1.2000000476837158,2.685645818710327,1.7999999523162842,11.445982933044434,84.00182342529297,582.2000122070312,73.9252736,18.4531976
1752116379721923600,66.23392358398438,4.5,1.2999999523162842,2.6956305503845215,1.7999999523162842,9.938828468322754,85.00120544433594,582.2000122070312,73.9253717,18.4532041
1752116380723970800,67.235970703125,5.199999809265137,1.2000000476837158,2.705651044845581,1.7999999523162842,8.39269733428955,85.01292419433594,582.2000122070312,73.9254538,18.4532089
1752116381723139000,68.23513916015625,6.099999904632568,1.2999999523162842,2.7156426906585693,1.7999999523162842,7.434628009796143,85.01128387451172,582.2000122070312,73.9255248,18.4532151
1752116382723202600,69.23520263671875,6.599999904632568,1.2999999523162842,2.7256433963775635,1.7999999523162842,6.485108375549316,80.08602905273438,582.2000122070312,73.9255893,18.4532229
1752116383723255600,70.23525561523438,6.5,1.2000000476837158,2.7356438636779785,1.7999999523162842,6.67689847946167,83.95836639404297,582.2000122070312,73.92565,18.4532305
1752116384722532900,71.23453295898437,4.800000190734863,1.2000000476837158,2.7456367015838623,1.7999999523162842,7.640421390533447,82.99162292480469,582.2000122070312,73.9257147,18.4532367
1752116385723733000,72.23573291015624,7.199999809265137,1.2999999523162842,2.755648612976074,1.7999999523162842,8.104435920715332,82.99589538574219,582.2000122070312,73.9257895,18.453245
1752116386714909400,73.22690942382812,7.099999904632568,1.5,2.7655603885650635,1.7999999523162842,8.375799179077148,83.97834777832031,582.2000122070312,73.9258678,18.453252
1752116387724628500,74.23662841796875,6.599999904632568,1.600000023841858,2.7756576538085938,1.7999999523162842,8.47667407989502,82.03092956542969,582.2000122070312,73.9259482,18.4532614
1752116388717932000,75.22993212890626,7.099999904632568,1.7000000476837158,2.785590648651123,1.815999984741211,9.25320816040039,82.9657211303711,582.2000122070312,73.9260367,18.4532731
1752116389720590800,76.2325908203125,5.300000190734863,1.600000023841858,2.79561710357666,1.8329999446868896,9.70805549621582,83.9780502319336,582.2000122070312,73.9261306,18.4532862
1752116390727998200,77.23999829101562,5.300000190734863,2,2.8056912422180176,1.8799999952316284,10.340238571166992,78.07599639892578,582.2000122070312,73.9262261,18.4533035
1752116391721653200,78.2336533203125,6.099999904632568,1.899999976158142,2.8156278133392334,1.9199999570846558,10.350419044494629,82.89063262939453,582.2000122070312,73.9263217,18.4533218
1752116392724774700,79.23677465820313,5.5,1.7999999523162842,2.8256590366363525,1.9600000381469727,11.374018669128418,87.8999252319336,582.2000122070312,73.926427,18.4533291
1752116393722245600,80.23424560546874,5.5,1.399999976158142,2.8356337547302246,1.9800000190734863,11.531617164611816,87.0188217163086,582.2000122070312,73.9265364,18.4533304
1752116394721150000,81.23314990234375,5.800000190734863,1.600000023841858,2.8456227779388428,2,12.19892692565918,86.99803161621094,582.2000122070312,73.9266493,18.4533351
1752116395727056600,82.239056640625,6,1.7999999523162842,2.855681896209717,2,12.598057746887207,86.02680969238281,582.2000122070312,73.9267666,18.4533374
1752116396719780600,83.23178051757813,5.199999809265137,1.7999999523162842,2.8656091690063477,2,12.994208335876465,85.02017974853516,582.2000122070312,73.9268907,18.453345
1752116397714778600,84.22677856445313,5.300000190734863,2,2.875559091567993,2,13.24251651763916,84.02254486083984,582.2000122070312,73.9270161,18.453355
1752116398717344300,85.22934423828124,5.400000095367432,1.899999976158142,2.885584592819214,2.0160000324249268,12.584547996520996,83.03776550292969,582.2000122070312,73.9271331,18.4533654
1752116399718960000,86.23096020507812,6.199999809265137,1.899999976158142,2.8956007957458496,2.0160000324249268,12.267752647399902,83.00694274902344,582.2000122070312,73.9272488,18.4533756
1752116400723168500,87.23516845703125,6,1.7999999523162842,2.9056429862976074,2.0160000324249268,12.232470512390137,81.05810546875,582.2000122070312,73.9273635,18.4533884
1752116401725622000,88.2376220703125,6.300000190734863,1.7999999523162842,2.9156675338745117,2.0199999809265137,11.943032264709473,81.97686767578125,582.2000122070312,73.9274769,18.4534023
1752116402730270000,89.24227001953125,5.099999904632568,1.5,2.9257140159606934,2.0199999809265137,11.738874435424805,82.00244140625,582.2000122070312,73.9275885,18.4534154
1752116403719366100,90.2313662109375,4.900000095367432,1.2999999523162842,2.935605049133301,1.9800000190734863,11.482796669006348,81.01988220214844,582.2000122070312,73.9276968,18.45343
1752116404721676500,91.23367651367188,5.300000190734863,1.2999999523162842,2.9456279277801514,1.9600000381469727,10.78056812286377,82.9687728881836,582.2000122070312,73.9278021,18.4534437
1752116405722562300,92.23456225585937,5.599999904632568,1.2999999523162842,2.955636978149414,1.9500000476837158,10.037635803222656,83.00543975830078,582.2000122070312,73.9279005,18.4534551
1752116406721616100,93.2336162109375,5.900000095367432,1.2999999523162842,2.965627431869507,1.9329999685287476,9.80294418334961,82.02019500732422,582.2000122070312,73.9279922,18.4534666
1752116407721775600,94.23377563476562,3.700000047683716,1,2.9756290912628174,1.899999976158142,9.813271522521973,81.00743865966797,582.2000122070312,73.9280849,18.4534798
1752116408724861000,95.23686083984374,4.800000190734863,1.2000000476837158,2.9856598377227783,1.8600000143051147,10.55844497680664,80.9935302734375,582.2000122070312,73.9281824,18.4534962
1752116409725074200,96.23707421875,4.5,1.2000000476837158,2.995661973953247,1.840000033378601,11.281818389892578,78.032958984375,582.2000122070312,73.9282859,18.4535144
1752116410723145000,97.23514501953125,3.4000000953674316,1.100000023841858,9.899999618530273,1.8200000524520874,11.745116233825684,75.02299499511719,578.2,73.9283943,18.4535379
1752116411722432500,98.2344326171875,4,1.2999999523162842,10,1.7999999523162842,12.287137031555176,71.05057525634766,577.7,73.9285045,18.4535693
1752116412726741200,99.2387412109375,4.400000095367432,1.7999999523162842,10,1.7999999523162842,12.9279146194458,69.02276611328125,577.1,73.9286178,18.4536078
1752116413722530800,100.23453076171874,4,1.600000023841858,10,1.7999999523162842,12.822212219238281,68.02532196044922,576.6,73.9287331,18.4536485
1752116414724388900,101.23638891601563,4.199999809265137,1.5,9.300000190734863,1.7999999523162842,12.19726848602295,67.03877258300781,576.2,73.9288437,18.4536888
1752116415725573600,102.23757373046875,4.199999809265137,1.5,9.399999618530273,1.7999999523162842,11.479813575744629,67.02392578125,575.5,73.9289486,18.4537275
1752116416720310300,103.23231030273438,5.199999809265137,1.5,9.5,1.7999999523162842,10.696298599243164,69.9561538696289,575.1,73.9290441,18.4537597
1752116417723870500,104.23587036132812,6,1.5,9.399999618530273,1.7999999523162842,10.58552360534668,71.95466613769531,574.2,73.9291414,18.4537876
1752116418722749000,105.2347490234375,4.099999904632568,1.2999999523162842,9.199999809265137,1.7999999523162842,11.16728401184082,72.97522735595703,573.5,73.9292423,18.4538153
1752116419724290300,106.23629028320312,4.400000095367432,1.399999976158142,9.5,1.7999999523162842,11.930769920349121,71.01724243164062,572.8000000000001,73.9293491,18.4538464
1752116420725132300,107.23713232421875,4.599999904632568,1.5,9.600000381469727,1.815999984741211,12.334539413452148,68.05366516113281,572.3000000000001,73.929458,18.4538844
1752116421721150000,108.23314990234375,4,1.399999976158142,9.800000190734863,1.840000033378601,12.799722671508789,64.06626892089844,571.8000000000001,73.9295652,18.4539294
1752116422720420900,109.2324208984375,3.4000000953674316,1.2999999523162842,9.699999809265137,1.850000023841858,13.495661735534668,64.97321319580078,571.1,73.9296777,18.45398
1752116423722845000,110.23484497070312,3.5999999046325684,1.399999976158142,9.800000190734863,1.8799999952316284,13.401272773742676,66.96620178222656,570.5,73.9297948,18.4540288
1752116424726769700,111.23876977539062,3.700000047683716,1.5,9.800000190734863,1.8799999952316284,13.698391914367676,66.01237487792969,568.6,73.9299174,18.4540766
1752116425721764900,112.23376489257812,4.199999809265137,1.600000023841858,9.899999618530273,1.8660000562667847,13.657182693481445,64.05235290527344,567.1,73.9300393,18.4541295
1752116426724667100,113.23666723632813,4.599999904632568,1.600000023841858,9.899999618530273,1.840000033378601,14.043233871459961,61.07809829711914,566.7,73.9301552,18.4541848
1752116427723241200,114.2352412109375,5.300000190734863,1.7000000476837158,9.800000190734863,1.8200000524520874,14.020821571350098,60.03760528564453,566.1,73.9302702,18.4542479
1752116428722818600,115.23481860351562,5.900000095367432,1.899999976158142,9.5,1.8329999446868896,14.064484596252441,60.000186920166016,565.8000000000001,73.9303865,18.4543129
1752116429723306200,116.23530615234375,5.099999904632568,1.7999999523162842,9.600000381469727,1.8329999446868896,14.818699836730957,61.91570281982422,565.8000000000001,73.9305089,18.454378
1752116430722886000,117.23488598632812,4.099999904632568,1.7000000476837158,9.800000190734863,1.8600000143051147,14.54077434539795,61.03580093383789,565.2,73.9306346,18.4544373
1752116431724286500,118.23628637695313,4.099999904632568,1.600000023841858,9,1.850000023841858,14.278675079345703,60.0346794128418,564.4,73.9307551,18.4544973
1752116432725929200,119.23792919921875,4.099999904632568,1.5,8.899999618530273,1.8600000143051147,13.684422492980957,59.03738784790039,563.4,73.9308704,18.4545588
1752116433717597700,120.22959765625,5.300000190734863,1.7000000476837158,8.800000190734863,1.850000023841858,13.454265594482422,58.0415153503418,562.5,73.9309801,18.4546203
1752116434721255700,121.23325561523437,4.599999904632568,1.5,8.899999618530273,1.8329999446868896,13.457161903381348,56.05548095703125,562,73.931087,18.4546822
1752116435717847300,122.22984741210938,4.699999809265137,1.5,8.899999618530273,1.815999984741211,13.585319519042969,55.028350830078125,561.6,73.9311932,18.4547499
1752116436724848000,123.23684814453125,5.300000190734863,1.7000000476837158,9.300000190734863,1.8200000524520874,13.352726936340332,55.97039031982422,561.2,73.9313027,18.4548201
1752116437720997600,124.23299755859375,4.300000190734863,1.5,9.5,1.8329999446868896,14.101353645324707,59.89181900024414,560.8000000000001,73.9314167,18.4548839
1752116438721685800,125.23368579101563,5.300000190734863,1.7999999523162842,9.600000381469727,1.8600000143051147,14.511332511901855,61.91399383544922,560.3000000000001,73.9315374,18.4549482
1752116439721809700,126.2338095703125,5.199999809265137,1.899999976158142,9.5,1.8799999952316284,14.714075088500977,63.9161262512207,559.9,73.9316613,18.4550085
1752116440720101600,127.2321015625,3.799999952316284,1.5,9.5,1.899999976158142,14.71336555480957,64.97663879394531,559.3000000000001,73.9317895,18.4550667
1752116441720189400,128.232189453125,3.5999999046325684,1.5,9.699999809265137,1.8830000162124634,14.870474815368652,64.99655151367188,558.8000000000001,73.9319166,18.4551204
1752116442727848200,129.23984814453124,3.799999952316284,1.5,9.800000190734863,1.8600000143051147,14.697120666503906,65.00409698486328,558.1,73.9320451,18.4551726
1752116443725443800,130.23744384765624,4.400000095367432,1.7000000476837158,10.199999809265137,1.840000033378601,14.438624382019043,65.0079116821289,557.3000000000001,73.9321702,18.4552227
1752116444723277000,131.23527709960936,4.599999904632568,1.7000000476837158,10.399999618530273,1.8200000524520874,13.807801246643066,64.04888916015625,556.5,73.932292,18.4552712
1752116445729546800,132.24154663085938,4.800000190734863,2,10.800000190734863,1.8200000524520874,13.587757110595703,66.91194152832031,555.8000000000001,73.9324101,18.4553194
1752116446722832400,133.23483227539063,3.9000000953674316,1.7999999523162842,10.600000381469727,1.840000033378601,13.291050910949707,67.98712158203125,554.9,73.9325282,18.4553639
1752116447715624700,134.22762475585938,5.599999904632568,2,10,1.850000023841858,11.93777847290039,67.10490417480469,554.2,73.9326391,18.4554055
1752116448724210400,135.23621044921876,7.400000095367432,2,10.100000381469727,1.8830000162124634,9.90494441986084,66.14971923828125,553.6,73.932732,18.4554454
1752116449717021400,136.229021484375,9.100000381469727,2.0999999046325684,10.199999809265137,1.9160000085830688,8.408214569091797,65.14837646484375,553.5,73.9328053,18.4554816
1752116450725905700,137.23790576171876,10.100000381469727,1.899999976158142,10,1.9500000476837158,6.421963214874268,65.14424133300781,553.7,73.9328569,18.4555105
1752116451723058400,138.23505834960937,15.800000190734863,2,10.399999618530273,2,4.643833160400391,65.19377136230469,553.5,73.9328947,18.4555293
1752116452717429800,139.2294296875,16.600000381469727,1.7999999523162842,10.5,2.0399999618530273,4.116884708404541,64.07892608642578,553.3000000000001,73.9329222,18.4555438
1752116453727792400,140.23979248046874,16.200000762939453,1.7999999523162842,10.399999618530273,2.059999942779541,4.306753635406494,57.21257781982422,553.2,73.9329469,18.4555615
1752116454722915600,141.23491552734376,16.399999618530273,1.899999976158142,1.012309193611145,2.0799999237060547,4.508157253265381,50.28079605102539,563.5,73.9329787,18.4555846
1752116455720371000,142.23237084960937,12.399999618530273,1.7999999523162842,1.022283673286438,2.0829999446868896,4.948474884033203,28.662736892700195,563.5,73.9330003,18.4556201
1752116456728048000,143.24004809570312,11.399999618530273,1.899999976158142,1.0323604345321655,2.0999999046325684,5.593509197235107,19.29792594909668,563.5,73.9330134,18.4556642
1752116457727391500,144.2393916015625,8.199999809265137,1.899999976158142,1.042353868484497,2.0999999046325684,7.303022384643555,16.17157554626465,563.5,73.9330287,18.4557288
1752116458724685800,145.23668579101562,7.800000190734863,2,1.0523269176483154,2.115999937057495,8.001326560974121,16.04952049255371,563.5,73.9330497,18.4558002
1752116459719435800,146.23143579101563,7.5,2.200000047683716,1.0622743368148804,2.132999897003174,9.338942527770996,10.214280128479004,563.5,73.9330686,18.4558842
1752116460721806800,147.2338068847656,6.599999904632568,2.0999999046325684,1.0722980499267578,2.180000066757202,10.165557861328125,13.942403793334961,563.5,73.933092,18.4559781
1752116461720469800,148.2324697265625,7.099999904632568,2.0999999046325684,1.082284688949585,2.200000047683716,10.012548446655273,15.92580795288086,563.5,73.9331193,18.4560667
1752116462719797000,149.231796875,6.699999809265137,2,1.092278003692627,2.25,10.174338340759277,15.031454086303711,563.5,73.9331465,18.456159
1752116463720688400,150.2326884765625,6,1.899999976158142,1.1022869348526,2.299999952316284,9.900376319885254,15.96098804473877,563.5,73.933173,18.4562496
1752116464721136400,151.23313647460938,6,2,1.1122913360595703,2.359999895095825,9.05640983581543,16.91248321533203,563.5,73.9332026,18.456335
1752116465721534000,152.2335339355469,7.900000095367432,2,1.1222953796386719,2.365999937057495,7.3901143074035645,14.930750846862793,563.5,73.933224,18.456399
1752116466724817700,153.23681762695313,9.800000190734863,1.899999976158142,1.1323281526565552,2.4000000953674316,5.7574286460876465,13.896842002868652,563.5,73.9332417,18.4564449
1752116467722474000,154.23447387695313,12.699999809265137,2,1.14230477809906,2.4000000953674316,5.0984392166137695,10.065346717834473,563.5,73.933255,18.4564808
1752116468725799200,155.23779907226563,11.899999618530273,1.7999999523162842,1.1523380279541016,2.4000000953674316,5.166070938110352,11.966551780700684,563.5,73.9332662,18.4565224
1752116469723087400,156.23508740234374,11.5,2,1.1623108386993408,2.4000000953674316,5.971382141113281,16.945323944091797,563.5,73.9332837,18.4565655
1752116470718901800,157.23090185546874,9.100000381469727,1.7999999523162842,1.1722689867019653,2.382999897003174,7.0292463302612305,19.998991012573242,563.5,73.9333085,18.4566168
1752116471722478800,158.23447875976564,8.399999618530273,1.7999999523162842,1.1823047399520874,2.382999897003174,7.85329008102417,18.094196319580078,563.5,73.9333344,18.4566781
1752116472722846000,159.23484594726563,6.5,1.7000000476837158,1.1923084259033203,2.359999895095825,8.842667579650879,17.06438636779785,563.5,73.9333596,18.4567521
1752116473719138800,160.23113891601562,6.599999904632568,1.7000000476837158,1.2022713422775269,2.3499999046325684,9.037039756774902,15.052812576293945,563.5,73.9333849,18.4568297
1752116474721171500,161.23317138671874,5.900000095367432,1.600000023841858,1.2122917175292969,2.3329999446868896,9.399491310119629,11.079385757446289,563.5,73.9334039,18.4569112
1752116475728812000,162.24081201171876,6.5,1.7000000476837158,1.2223681211471558,2.319999933242798,9.984941482543945,10.037323951721191,563.5,73.9334216,18.4569978
1752116476723611100,163.23561108398437,5.199999809265137,1.5,1.2323161363601685,2.299999952316284,10.455460548400879,10.994739532470703,563.5,73.9334411,18.4570866
1752116477722060300,164.23406030273438,5.400000095367432,1.5,1.2423006296157837,2.299999952316284,10.829171180725098,10.024596214294434,563.5,73.93346,18.4571798
1752116478721440300,165.23344018554687,4.900000095367432,1.600000023841858,1.2522944211959839,2.2799999713897705,11.324616432189941,9.025402069091797,563.5,73.9334727,18.4572822
1752116479720258600,166.23225854492188,4.199999809265137,1.399999976158142,1.2622826099395752,2.25,11.7932710647583,7.0305399894714355,563.5,73.9334843,18.4573903
1752116480724418000,167.23641796875,3.299999952316284,1.2000000476837158,1.2723242044448853,2.2160000801086426,12.213139533996582,7.995311737060547,563.5,73.9334969,18.4574994
1752116481721857800,168.23385791015625,3.4000000953674316,1.399999976158142,1.2822985649108887,2.1659998893737793,12.356405258178711,9.981156349182129,563.5,73.9335133,18.4576097
1752116482721164800,169.23316479492186,4.599999904632568,1.399999976158142,1.2922916412353516,2.115999937057495,12.567865371704102,11.965348243713379,563.5,73.9335348,18.4577199
1752116483725342000,170.23734204101564,3.200000047683716,1.2999999523162842,1.3023334741592407,2.0399999618530273,12.994053840637207,14.974743843078613,563.5,73.9335642,18.4578316
1752116484724114700,171.23611474609376,3.700000047683716,1.5,1.3123211860656738,2.0199999809265137,12.425066947937012,19.897140502929688,563.5,73.9336022,18.4579392
1752116485725634600,172.23763452148438,4.400000095367432,1.600000023841858,1.3223363161087036,2,11.956432342529297,19.003437042236328,563.5,73.9336431,18.4580435
1752116486723814000,173.23581396484374,3.5999999046325684,1.2999999523162842,1.3323181867599487,2,11.212540626525879,19.96811866760254,563.5,73.9336828,18.458145
1752116487722121000,174.23412084960938,3.700000047683716,1.399999976158142,1.3423012495040894,2,10.835358619689941,20.972827911376953,563.5,73.9337199,18.4582385
1752116488724206600,175.23620654296874,4.699999809265137,1.5,1.3523221015930176,1.9830000400543213,10.546387672424316,18.043853759765625,563.5,73.9337538,18.4583285
1752116489722983400,176.2349833984375,5.300000190734863,1.7000000476837158,1.3623098134994507,1.965999960899353,10.884969711303711,18.014047622680664,563.5,73.9337864,18.4584198
1752116490722351000,177.23435107421875,4.699999809265137,1.7000000476837158,1.3723034858703613,1.965999960899353,11.06999683380127,18.988054275512695,563.5,73.9338197,18.4585132
1752116491724230000,178.23622998046875,5.800000190734863,1.7999999523162842,1.3823223114013672,1.9600000381469727,11.07939624786377,13.146773338317871,563.5,73.9338492,18.4586125
1752116492725685000,179.23768505859374,4,1.5,1.3923368453979492,1.9800000190734863,11.890936851501465,11.043410301208496,563.5,73.9338719,18.4587171
1752116493723719400,180.23571948242187,3.5,1.600000023841858,1.4023171663284302,2,11.810683250427246,9.020013809204102,563.5,73.9338891,18.4588217
1752116494725610500,181.23761059570313,3.799999952316284,1.5,1.4123361110687256,2.0399999618530273,11.680540084838867,6.031898021697998,563.5,73.9339025,18.4589267
1752116495725948000,182.23794799804688,4.400000095367432,1.7000000476837158,1.4223394393920898,2.059999942779541,11.32675552368164,5.993764877319336,563.5,73.9339121,18.4590316
1752116496724024300,183.2360244140625,4.400000095367432,1.5,1.432320237159729,2.065999984741211,10.6029634475708,6.975133895874023,563.5,73.9339219,18.4591289
1752116497720408000,184.23240795898437,5.699999809265137,1.7000000476837158,1.442284107208252,2.065999984741211,9.228605270385742,6.966208457946777,563.5,73.9339321,18.4592134
1752116498726076000,185.23807592773437,7.099999904632568,2.0999999046325684,1.4523407220840454,2.0399999618530273,7.665272235870361,4.0108537673950195,563.5,73.9339404,18.4592852
1752116499726936300,186.23893627929687,8.300000190734863,1.7999999523162842,1.4623494148254395,2.0399999618530273,5.233973503112793,6.829531192779541,563.5,73.9339465,18.4593291
1752116500722473700,187.2344736328125,11,1.600000023841858,1.4723047018051147,2.0329999923706055,4.011170387268066,6.93537712097168,563.5,73.9339504,18.4593623
1752116501723607000,188.23560693359374,11.5,1.600000023841858,1.482316017150879,2.0160000324249268,3.7326600551605225,9.941156387329102,563.5,73.933955,18.459394
1752116502724613000,189.23661303710938,9.899999618530273,1.600000023841858,1.4923261404037476,2,4.113734245300293,9.03601360321045,563.5,73.9339616,18.4594268
1752116503721888800,190.233888671875,7.5,1.5,1.5022988319396973,2,4.8017754554748535,5.047369956970215,563.5,73.9339654,18.4594662
1752116504726641200,191.23864111328126,6.900000095367432,1.5,1.5123463869094849,2,4.966057300567627,7.987539768218994,563.5,73.9339699,18.4595071
1752116505721879300,192.23387939453124,7.300000190734863,1.5,1.522298812866211,2,5.083576202392578,8.997259140014648,563.5,73.933978,18.4595516
1752116506722988500,193.23498852539063,6.900000095367432,1.399999976158142,1.532309889793396,2.0160000324249268,5.315674304962158,7.022732257843018,563.5,73.9339851,18.4595981
1752116507726179000,194.23817895507813,6.5,1.2999999523162842,1.5423418283462524,2.0399999618530273,5.787458896636963,5.022760391235352,563.5,73.9339916,18.4596508
1752116508720906000,195.23290600585938,8.100000381469727,1.5,1.5522890090942383,2.049999952316284,6.441922187805176,4.02290153503418,563.5,73.9339967,18.4597074
1752116509724396500,196.236396484375,8.300000190734863,1.5,1.5623239278793335,2.065999984741211,7.104379653930664,4.0075273513793945,563.5,73.9340029,18.4597708
1752116510724408300,197.236408203125,6,1.2999999523162842,1.5723240375518799,2.0999999046325684,6.8753437995910645,5.978971481323242,563.5,73.9340124,18.4598208
1752116511725687300,198.23768725585938,7.300000190734863,1.5,1.5823369026184082,2.0799999237060547,7.237670421600342,7.978895664215088,563.5,73.9340184,18.4598818
1752116512722553300,199.23455322265625,9.600000381469727,1.7000000476837158,1.5923055410385132,2.065999984741211,7.275940895080566,5.076605319976807,563.5,73.9340269,18.459948
1752116513724097300,200.23609716796875,8.600000381469727,1.899999976158142,1.6023210287094116,2.059999942779541,7.757829666137695,5.011810779571533,563.5,73.9340319,18.4600162
1752116514726617600,201.23861767578126,7.099999904632568,1.7999999523162842,1.6123461723327637,2.059999942779541,8.29970645904541,5.994741439819336,563.5,73.934037,18.4600894
1752116515725204500,202.23720458984374,7.599999904632568,1.7000000476837158,1.6223320960998535,2.0799999237060547,8.504142761230469,4.044495105743408,563.5,73.9340422,18.4601648
1752116516722729000,203.23472900390624,7.5,1.600000023841858,1.6323072910308838,2.0999999046325684,8.51492691040039,4.979196548461914,563.5,73.9340469,18.4602416
1752116517724166000,204.23616577148437,8.800000190734863,2,1.6423217058181763,2.1600000858306885,8.10174560546875,1.1049244403839111,563.5,73.9340492,18.4603211
1752116518721630500,205.23363037109374,7.900000095367432,1.899999976158142,1.6522963047027588,2.1659998893737793,8.368518829345703,359.04437255859375,563.5,73.9340487,18.4603963
1752116519729531600,206.24153173828125,8.800000190734863,2.0999999046325684,1.6623753309249878,2.200000047683716,8.379716873168945,359.9751281738281,563.5,73.934051,18.4604731
1752116520720925400,207.23292553710937,8.399999618530273,2,1.672289252281189,2.2160000801086426,8.08019733428955,358.0514221191406,563.5,73.9340501,18.4605469
1752116521721738500,208.23373852539063,10.600000381469727,2.0999999046325684,1.6822973489761353,2.2330000400543213,7.4047346115112305,357.040771484375,563.5,73.9340412,18.4606071
1752116522726191400,209.23819140625,10.899999618530273,2.299999952316284,1.692341923713684,2.2799999713897705,6.992706298828125,355.0718078613281,563.5,73.9340326,18.460662
1752116523722518800,210.23451879882813,11,2.0999999046325684,1.7023051977157593,2.299999952316284,6.692572116851807,355.015380859375,563.5,73.934031,18.4607263
1752116524725025300,211.237025390625,11.800000190734863,2,1.7123302221298218,2.299999952316284,6.3375396728515625,355.0138244628906,563.5,73.9340279,18.4607909
1752116525724137200,212.23613720703125,10,2,1.7223213911056519,2.299999952316284,6.773923397064209,354.99267578125,563.5,73.9340246,18.460861
1752116526726355500,213.23835546875,9.600000381469727,1.899999976158142,1.7323435544967651,2.2799999713897705,6.39089298248291,354.0363464355469,563.5,73.9340184,18.4609259
1752116527723238100,214.23523803710938,8.699999809265137,1.600000023841858,1.7423124313354492,2.2660000324249268,5.4772491455078125,349.131591796875,563.5,73.9340061,18.4609861
1752116528724963800,215.2369638671875,12,1.7000000476837158,1.7523295879364014,2.2200000286102295,5.210108757019043,352.9229431152344,563.5,73.9339966,18.4610335
1752116529724115500,216.23611547851561,12.899999618530273,1.899999976158142,1.7623211145401,2.2160000801086426,5.113442897796631,358.8622131347656,563.5,73.9339929,18.46108
1752116530722769200,217.23476904296874,9.5,1.899999976158142,1.7723076343536377,2.200000047683716,5.141091823577881,359.9862365722656,563.5,73.9339931,18.4611266
1752116531725100300,218.23710034179686,11.5,2,1.7823309898376465,2.200000047683716,6.176027297973633,0.00021171894331928343,563.5,73.9339947,18.4611776
1752116532725079300,219.23707934570314,8.100000381469727,2,1.7923307418823242,2.200000047683716,6.731500148773193,0.0006094684358686209,563.5,73.9339964,18.4612333
1752116533722478800,220.23447875976564,9.199999809265137,2.0999999046325684,1.802304744720459,2.200000047683716,6.955941200256348,1.9631679058074951,563.5,73.9340009,18.4612906
1752116534725142300,221.23714233398437,6.900000095367432,1.7999999523162842,1.8123314380645752,2.200000047683716,7.533750534057617,2.9947967529296875,563.5,73.9340047,18.4613576
1752116535722037000,222.234037109375,6.099999904632568,1.7999999523162842,1.8223003149032593,2.183000087738037,7.846138954162598,3.004594326019287,563.5,73.9340083,18.4614278
1752116536723930400,223.23593041992189,5,1.7000000476837158,1.8323192596435547,2.183000087738037,8.397313117980957,4.000857353210449,563.5,73.9340146,18.4615012
1752116537723922200,224.23592211914064,4.400000095367432,1.600000023841858,1.8423192501068115,2.183000087738037,8.427912712097168,6.976047039031982,563.5,73.9340228,18.461578
1752116538721444900,225.23344482421874,6,1.7999999523162842,1.8522944450378418,2.183000087738037,8.595024108886719,7.989860534667969,563.5,73.934036,18.4616562
1752116539721724400,226.23372436523437,5.300000190734863,1.600000023841858,1.8622972965240479,2.183000087738037,8.9098539352417,9.98376750946045,563.5,73.934051,18.4617347
1752116540722846200,227.23484619140626,4.800000190734863,1.600000023841858,1.8723084926605225,2.200000047683716,9.448187828063965,9.026429176330566,563.5,73.9340665,18.4618176
1752116541719468000,228.23146801757812,4,1.5,1.8822746276855469,2.200000047683716,9.752065658569336,9.999263763427734,563.5,73.9340843,18.461903
1752116542723274000,229.23527392578126,5.599999904632568,1.7000000476837158,12,2.200000047683716,10.32027816772461,10.014516830444336,551.1,73.9341029,18.461997
1752116543721647000,230.23364721679687,4.199999809265137,1.5,11.899999618530273,2.180000066757202,10.591761589050293,11.981904029846191,551,73.9341228,18.4620954
1752116544724064000,231.23606396484374,4.800000190734863,1.600000023841858,11.600000381469727,2.1600000858306885,10.63533878326416,12.984524726867676,551,73.9341476,18.4621913
1752116545722927900,232.23492797851563,5.099999904632568,1.7000000476837158,11.399999618530273,2.1600000858306885,10.633026123046875,12.017173767089844,550.7,73.9341728,18.4622891
1752116546722332000,233.23433178710937,4.300000190734863,1.600000023841858,11.300000190734863,2.1600000858306885,10.53219985961914,12.98203182220459,550.5,73.9341976,18.4623874
1752116547725834200,234.23783422851562,4.699999809265137,1.600000023841858,11.399999618530273,2.1600000858306885,9.916377067565918,11.009803771972656,550.3000000000001,73.9342214,18.4624785
1752116548721349600,235.233349609375,6.900000095367432,1.7000000476837158,11.800000190734863,2.1659998893737793,9.321911811828613,10.984208106994629,550.2,73.9342399,18.4625623
1752116549717910500,236.22991064453126,6.800000190734863,1.899999976158142,11.800000190734863,2.183000087738037,9.033536911010742,13.912864685058594,550.1,73.9342609,18.4626421
1752116550721062400,237.2330625,6.300000190734863,1.899999976158142,11.899999618530273,2.2160000801086426,8.429811477661133,11.02541446685791,550.4,73.9342802,18.4627173
1752116551723316700,238.23531665039062,6.400000095367432,1.7999999523162842,11.800000190734863,2.240000009536743,7.532973289489746,10.954568862915039,550.5,73.9342951,18.4627845
1752116552726849000,239.23884912109375,8.199999809265137,1.899999976158142,11.5,2.259999990463257,7.250082969665527,9.030126571655273,550.6,73.9343084,18.4628459
1752116553724375300,240.23637524414062,8.600000381469727,1.7999999523162842,12,2.2799999713897705,6.840773105621338,6.048802375793457,550.8000000000001,73.9343171,18.4629058
1752116554726023700,241.2380236816406,12.699999809265137,2.4000000953674316,11.899999618530273,2.319999933242798,7.16753625869751,6.0146565437316895,551,73.9343234,18.4629681
1752116555723406800,242.23540673828126,11.399999618530273,2.200000047683716,11.600000381469727,2.359999895095825,6.7452545166015625,7.919990539550781,551.1,73.9343358,18.4630288
1752116556729164500,243.24116455078126,8.100000381469727,2.0999999046325684,11.699999809265137,2.4000000953674316,7.341769695281982,5.068472385406494,551.3000000000001,73.9343407,18.4630957
1752116557725546500,244.23754638671875,9.199999809265137,2,11.699999809265137,2.4159998893737793,7.368507385253906,5.002180576324463,551.5,73.9343453,18.4631602
1752116558722188300,245.23418823242187,8.600000381469727,2,11.600000381469727,2.4159998893737793,7.263434410095215,4.024280548095703,550.2,73.9343559,18.4632096
1752116559722866700,246.23486669921874,6.800000190734863,1.899999976158142,11.5,2.4159998893737793,7.869387149810791,2.03389048576355,550.2,73.9343587,18.4632835
1752116560723188000,247.23518798828124,6.699999809265137,2,11.300000190734863,2.382999897003174,8.272676467895508,2.9912450313568115,550.1,73.9343616,18.4633606
1752116561718845000,248.23084497070312,5.800000190734863,2,11.5,2.3329999446868896,8.533134460449219,1.0268985033035278,549.9,73.9343665,18.463435
1752116562726401000,249.23840112304688,5.599999904632568,2.0999999046325684,11.600000381469727,2.259999990463257,9.036029815673828,0.013124925084412098,550,73.9343683,18.4635174
1752116563725489200,250.2374892578125,5.199999809265137,1.7999999523162842,11.699999809265137,2.259999990463257,9.438064575195312,359.0108337402344,550.2,73.9343669,18.4636055
1752116564722609400,251.234609375,3.9000000953674316,1.7000000476837158,11.399999618530273,2.25,9.886484146118164,359.99249267578125,550.2,73.9343651,18.4637
1752116565722385200,252.23438525390625,4.099999904632568,1.899999976158142,11.399999618530273,2.2330000400543213,9.885204315185547,359.99993896484375,549.9,73.934365,18.4637969
1752116566723534600,253.23553466796875,4.400000095367432,1.600000023841858,11.600000381469727,2.240000009536743,10.02380657196045,0,549.7,73.934365,18.4638894
1752116567724860000,254.23685986328124,5.099999904632568,1.899999976158142,11.699999809265137,2.2330000400543213,9.728218078613281,0.00011511497723404318,549.7,73.9343664,18.4639771
1752116568727849000,255.23984887695312,4.099999904632568,1.7999999523162842,11.800000190734863,2.200000047683716,9.689322471618652,0.0001969079312402755,549.9,73.9343694,18.4640607
1752116569722274300,256.2342744140625,4.5,1.899999976158142,11.899999618530273,2.2160000801086426,9.868334770202637,0.00010187087173108011,549.9,73.9343713,18.4641482
1752116570725785000,257.23778515625,3.700000047683716,1.7999999523162842,11.699999809265137,2.240000009536743,10.061834335327148,0.00013893656432628632,550.1,73.9343744,18.4642396
1752116571723103000,258.23510302734377,3.299999952316284,1.7000000476837158,11.800000190734863,2.25,10.212265014648438,359.0055236816406,550.3000000000001,73.9343763,18.4643328
1752116572724478500,259.236478515625,3.4000000953674316,1.7000000476837158,12,2.2660000324249268,10.779114723205566,358.0028076171875,550.1,73.9343749,18.4644292
1752116573725886700,260.23788671875,4,1.5,12.100000381469727,2.2829999923706055,10.618173599243164,355.0323181152344,550.3000000000001,73.9343716,18.4645252
1752116574720022800,261.2320227050781,3.700000047683716,1.5,12.399999618530273,2.2829999923706055,10.628029823303223,353.018798828125,550.4,73.9343619,18.4646256
1752116575725811000,262.23781103515626,3.4000000953674316,1.2999999523162842,12.199999809265137,2.259999990463257,11.190707206726074,352.0008850097656,550.2,73.9343485,18.4647301
1752116576720277000,263.23227709960935,4.300000190734863,1.399999976158142,12.399999618530273,2.25,11.455716133117676,350.0235595703125,550.2,73.9343334,18.4648341
1752116577721098500,264.23309838867186,4,1.5,12.100000381469727,2.2330000400543213,11.1876802444458,349.0196533203125,550.4,73.9343177,18.4649337
1752116578723523000,265.23552319335937,4.800000190734863,2.700000047683716,12,2.2160000801086426,10.864474296569824,350.008544921875,550.5,73.9342996,18.4650318
1752116579724663600,266.23666357421877,6.300000190734863,2.5999999046325684,12.199999809265137,2.240000009536743,10.436700820922852,351.0039367675781,550.8000000000001,73.9342859,18.4651297
1752116580728121600,267.24012158203124,6.699999809265137,1.899999976158142,11.199999809265137,2.259999990463257,9.677309036254883,347.1338195800781,550.7,73.93427,18.4652175
1752116581719749400,268.23174926757815,5.099999904632568,1.600000023841858,10.699999809265137,2.2660000324249268,8.447434425354004,349.02056884765625,550.4,73.9342542,18.4652945
1752116582724128000,269.2361279296875,6.099999904632568,1.5,10.699999809265137,2.2799999713897705,7.139779567718506,354.95068359375,550.1,73.9342455,18.4653586
1752116583726328800,270.2383288574219,6.199999809265137,1.7000000476837158,10.600000381469727,2.2799999713897705,6.738461971282959,359.9512023925781,550,73.9342441,18.465419
1752116584723951600,271.2359516601563,7.699999809265137,1.899999976158142,10.600000381469727,2.2660000324249268,7.166062831878662,349.16632080078125,548.8000000000001,73.934235,18.465487
1752116585724574500,272.23657446289064,12.5,1.7999999523162842,10.899999618530273,2.2160000801086426,6.338238716125488,344.2324523925781,547.4,73.9342189,18.4655472
1752116586722678800,273.2346787109375,12.800000190734863,1.600000023841858,11.300000190734863,2.1600000858306885,5.335925579071045,341.14691162109375,546.5,73.9342032,18.4655945
1752116587722064400,274.234064453125,13.5,1.7000000476837158,11.600000381469727,2.1500000953674316,4.281982898712158,339.166259765625,546.2,73.9341881,18.4656315
1752116588727617000,275.23961694335935,19.5,1.7999999523162842,11.800000190734863,2.119999885559082,3.2813141345977783,338.1754150390625,546.1,73.9341776,18.4656583
1752116589724444700,276.2364445800781,52.29999923706055,1.7999999523162842,2.835620641708374,2.0999999046325684,1.5034607648849487,338.4043273925781,542.3999633789062,73.9341736,18.4656723
1752116590721700000,277.2337001953125,0,1.399999976158142,2.845592975616455,2.0999999046325684,0.038186170160770416,0,542.3999633789062,73.9341712,18.4656792
1752116591721778400,278.2337783203125,0,1.100000023841858,2.8555939197540283,2.0999999046325684,0.0007712769438512623,0,542.3999633789062,73.9341702,18.4656814
1752116592723545600,279.23554565429686,0,1,2.8656115531921387,2.0999999046325684,0.00005761731881648302,0,542.3999633789062,73.9341715,18.465683
1752116593721821700,280.23382177734373,0,0.8999999761581421,2.8755943775177,2.0999999046325684,0.000005573103408096358,0,542.3999633789062,73.9341717,18.4656833
1752116594724052200,281.2360522460938,0,0.800000011920929,2.8856165409088135,2.0999999046325684,5.455847826851823e-7,0,542.3999633789062,73.9341717,18.4656833
1752116595723527000,282.2355268554688,0,0.800000011920929,12.914850234985352,2.0999999046325684,6.667440288765647e-8,0,542.5,73.9341717,18.4656833
1752116596720074800,283.23207470703124,0,0.699999988079071,12.924816131591797,2.0829999446868896,7.917837940851769e-9,0,542.5,73.9341717,18.4656833
1752116597722351000,284.23435107421875,0,0.800000011920929,12.93483829498291,2.065999984741211,1.2461905951610674e-9,0,542.5,73.9341717,18.4656833
1752116598724842200,285.23684228515623,0,2,12.944863319396973,2.0399999618530273,1.491571977041417e-9,0,542.5,73.9341717,18.4656833
1752116599723248400,286.23524829101564,27.5,2,12.95484733581543,2.0329999923706055,2.536245107650757,341.5926513671875,542.5,73.9341688,18.4657203
1752116600721278700,287.23327880859375,16.200000762939453,2.200000047683716,11.308963775634766,2.0160000324249268,4.446990966796875,333.92681884765625,541.7999877929688,73.9341489,18.4657644
1752116601721787400,288.23378735351565,9,1.5,11.3189697265625,2,6.140428066253662,337.8683776855469,541.7999877929688,73.9341216,18.4658215
1752116602722579500,289.23457934570314,7.699999809265137,1.5,11.328977584838867,2,7.035109519958496,338.94281005859375,541.7999877929688,73.9340943,18.4658859
1752116603724631000,290.2366311035156,9.600000381469727,1.7999999523162842,11.338997840881348,2,8.162980079650879,335.0898132324219,541.7999877929688,73.934063,18.465955
1752116604724359400,291.236359375,6.599999904632568,1.5,11.348995208740234,2,9.488106727600098,334.9693298339844,541.7999877929688,73.934023,18.4660302
1752116605726850300,292.2388503417969,5.900000095367432,1.5,11.359020233154297,1.9800000190734863,10.324893951416016,335.95684814453125,541.7999877929688,73.9339807,18.4661154
1752116606724903700,293.23690356445314,5.900000095367432,1.399999976158142,11.369000434875488,1.9600000381469727,10.099905967712402,337.95977783203125,541.7999877929688,73.9339416,18.4662042
1752116607723056000,294.23505615234376,5.900000095367432,1.5,11.378981590270996,1.940000057220459,9.801613807678223,340.9433288574219,541.7999877929688,73.9339108,18.4662912
1752116608723012400,295.2350124511719,5.599999904632568,1.399999976158142,11.388981819152832,1.9329999685287476,9.87702751159668,342.9614562988281,541.7999877929688,73.9338843,18.4663777
1752116609722144000,296.23414404296875,6.699999809265137,1.899999976158142,11.398972511291504,1.9160000085830688,10.166715621948242,344.9313659667969,541.7999877929688,73.9338581,18.4664661
1752116610723711700,297.2357116699219,5,1.5,11.408988952636719,1.9160000085830688,10.808260917663574,343.99981689453125,541.7999877929688,73.933829,18.4665592
1752116611721137000,298.2331369628906,4.599999904632568,1.399999976158142,11.418962478637695,1.9160000085830688,11.178520202636719,343.9923400878906,541.7999877929688,73.9338001,18.4666561
1752116612723897300,299.2358974609375,5.199999809265137,1.5,11.428990364074707,1.940000057220459,11.989644050598145,343.9857482910156,541.7999877929688,73.9337716,18.466759
1752116613724456200,300.2364562988281,4.400000095367432,1.5,11.438996315002441,1.9600000381469727,12.122775077819824,344.97979736328125,541.7999877929688,73.9337428,18.4668647
1752116614723152400,301.23515234375,4.5,1.399999976158142,11.448983192443848,1.9800000190734863,12.399640083312988,345.9783630371094,541.7999877929688,73.9337175,18.4669728
1752116615722776300,302.2347763671875,5.199999809265137,1.399999976158142,11.458979606628418,1.9830000400543213,12.540608406066895,348.9312744140625,541.7999877929688,73.9336941,18.467083
1752116616725066500,303.23706640625,6.599999904632568,1.899999976158142,11.469001770019531,2,12.971555709838867,346.1037902832031,541.7999877929688,73.9336702,18.4671963
1752116617722384400,304.23438427734374,5.800000190734863,1.7999999523162842,11.478975296020508,2,13.136194229125977,345.032958984375,541.7999877929688,73.9336429,18.4673099
1752116618724030500,305.2360305175781,5.599999904632568,1.7000000476837158,11.488991737365723,2,13.062845230102539,345.97515869140625,541.7999877929688,73.9336158,18.4674263
1752116619725482000,306.23748193359376,5.5,1.7000000476837158,11.499006271362305,2,12.496893882751465,346.0127258300781,541.7999877929688,73.9335893,18.4675386
1752116620726064600,307.2380646972656,5.099999904632568,1.5,11.509012222290039,2,12.29731559753418,346.00421142578125,541.7999877929688,73.9335629,18.4676482
1752116621722762800,308.2347626953125,4.599999904632568,1.600000023841858,11.5189790725708,2.0160000324249268,12.28093147277832,346.98193359375,541.7999877929688,73.9335378,18.4677565
1752116622726466300,309.23846630859373,5.099999904632568,1.7000000476837158,11.529016494750977,2.0399999618530273,12.362521171569824,346.9982604980469,541.7999877929688,73.9335117,18.4678677
1752116623724235000,310.23623510742186,4.900000095367432,1.5,11.538993835449219,2.059999942779541,12.530500411987305,346.9989318847656,541.7999877929688,73.9334878,18.4679822
1752116624722322000,311.2343220214844,4.900000095367432,1.5,11.548974990844727,2.049999952316284,12.539302825927734,347.9797668457031,541.7999877929688,73.933463,18.4680973
1752116625722342700,312.2343427734375,5.300000190734863,1.600000023841858,11.558975219726562,2.049999952316284,12.566825866699219,349.95245361328125,541.7999877929688,73.9334412,18.4682153
1752116626720043300,313.23204321289063,5.5,1.5,11.568951606750488,2.049999952316284,12.711467742919922,349.9983825683594,541.7999877929688,73.9334215,18.4683309
1752116627725684200,314.23768432617186,6.900000095367432,1.7999999523162842,11.579008102416992,2.0329999923706055,12.692631721496582,350.0013427734375,541.7999877929688,73.9334029,18.4684449
1752116628727228400,315.239228515625,6.300000190734863,2,11.58902359008789,2.0199999809265137,12.731161117553711,347.1029052734375,541.7999877929688,73.9333788,18.4685582
1752116629725066800,316.2370666503906,5.5,1.899999976158142,11.59900188446045,2.0399999618530273,12.35509204864502,344.1004638671875,541.7999877929688,73.9333488,18.4686642
1752116630726285300,317.2382854003906,7,1.7999999523162842,11.609014511108398,2.059999942779541,11.832944869995117,340.1700439453125,541.7999877929688,73.9333124,18.4687659
1752116631725299500,318.2372995605469,6.900000095367432,1.7999999523162842,11.619004249572754,2.0799999237060547,11.374615669250488,337.1279296875,541.7999877929688,73.9332692,18.4688623
1752116632723971800,319.2359719238281,6.599999904632568,1.600000023841858,11.62899112701416,2.0999999046325684,10.846197128295898,333.1415710449219,541.7999877929688,73.9332211,18.4689552
1752116633727025700,320.23902563476565,6,1.5,11.639021873474121,2.115999937057495,10.581658363342285,331.06256103515625,541.7999877929688,73.9331721,18.4690418
1752116634722870800,321.23487084960936,6.800000190734863,1.7000000476837158,11.648980140686035,2.115999937057495,10.541489601135254,331.9696350097656,541.7999877929688,73.9331234,18.4691264
1752116635721147100,322.23314721679685,6.800000190734863,1.7999999523162842,11.658963203430176,2.115999937057495,10.521732330322266,334.89874267578125,541.7999877929688,73.9330795,18.4692115
1752116636726872800,323.23887280273436,6.5,2,11.66901969909668,2.119999885559082,10.60657024383545,336.924072265625,541.7999877929688,73.9330395,18.4692982
1752116637723534300,324.23553442382814,6.400000095367432,2,11.678986549377441,2.132999897003174,11.127725601196289,336.97271728515625,541.7999877929688,73.9329972,18.4693894
1752116638722585900,325.2345859375,5.199999809265137,1.7000000476837158,11.688977241516113,2.132999897003174,10.861193656921387,338.962158203125,541.7999877929688,73.9329566,18.4694817
1752116639723727600,326.2357275390625,4.800000190734863,1.5,11.698988914489746,2.140000104904175,10.838045120239258,338.99945068359375,541.7999877929688,73.9329185,18.4695719
1752116640723755300,327.2357553710938,4.800000190734863,1.600000023841858,11.708989143371582,2.140000104904175,11.033940315246582,339.973876953125,541.7999877929688,73.9328845,18.4696661
1752116641721441300,328.2334411621094,5.5,1.7000000476837158,11.718965530395508,2.132999897003174,10.125823020935059,340.0382080078125,541.7999877929688,73.9328484,18.4697542
1752116642721933800,329.2339338378906,6.300000190734863,1.7000000476837158,11.728970527648926,2.132999897003174,9.822331428527832,340.9870300292969,541.7999877929688,73.9328179,18.4698385
1752116643726261500,330.2382614746094,5.800000190734863,1.600000023841858,11.739013671875,2.119999885559082,9.288466453552246,341.0213928222656,541.7999877929688,73.9327896,18.4699203
1752116644721656300,331.23365625,6.5,1.5,11.748968124389648,2.132999897003174,8.754622459411621,340.04034423828125,541.7999877929688,73.9327616,18.469997
1752116645723311600,332.2353115234375,6.699999809265137,1.600000023841858,11.758984565734863,2.1500000953674316,8.521769523620605,340.01129150390625,541.7999877929688,73.9327362,18.4700702
1752116646721065000,333.23306494140627,7.699999809265137,1.7000000476837158,11.768961906433105,2.1659998893737793,8.42605972290039,340.9779357910156,541.7999877929688,73.9327112,18.4701418
1752116647723541000,334.235541015625,7.599999904632568,1.7000000476837158,11.778986930847168,2.200000047683716,8.433381080627441,341.0008544921875,541.7999877929688,73.9326865,18.4702162
1752116648723703600,335.23570361328126,9.399999618530273,2,11.78898811340332,2.200000047683716,8.340131759643555,341.006103515625,541.7999877929688,73.9326615,18.4702882
1752116649722965000,336.2349650878906,8.399999618530273,1.899999976158142,11.798980712890625,2.200000047683716,8.338890075683594,339.064453125,541.7999877929688,73.9326393,18.4703556
1752116650720779500,337.23277954101565,9.899999618530273,1.899999976158142,11.808959007263184,2.200000047683716,7.652809143066406,340.9620666503906,541.7999877929688,73.9326144,18.4704208
1752116651724407300,338.2364072265625,10.600000381469727,2.0999999046325684,11.818995475769043,2.200000047683716,7.793400287628174,340.99053955078125,541.7999877929688,73.9325915,18.4704866
1752116652722106400,339.2341064453125,8.699999809265137,1.7999999523162842,11.828972816467285,2.2160000801086426,8.096649169921875,334.2056884765625,541.7999877929688,73.9325611,18.4705532
1752116653722809900,340.2348098144531,7.199999809265137,1.7000000476837158,11.838979721069336,2.2330000400543213,8.227432250976562,332.05572509765625,541.7999877929688,73.9325282,18.4706198
1752116654728190700,341.2401906738281,9.5,1.899999976158142,11.84903335571289,2.259999990463257,8.080663681030273,334.8948974609375,541.7999877929688,73.9324959,18.4706865
1752116655722221600,342.2342216796875,10.199999809265137,1.899999976158142,11.858973503112793,2.2799999713897705,7.77712869644165,334.0511169433594,541.7999877929688,73.9324662,18.4707488
1752116656723547000,343.235546875,10.300000190734863,2,11.868987083435059,2.299999952316284,7.641956806182861,336.8958435058594,541.7999877929688,73.9324391,18.4708145
1752116657722441200,344.23444116210936,8.199999809265137,1.600000023841858,11.878975868225098,2.3399999141693115,7.409383296966553,337.9820556640625,541.7999877929688,73.9324129,18.4708754
1752116658721633300,345.23363330078126,8.300000190734863,1.7999999523162842,11.888967514038086,2.3499999046325684,7.548364639282227,337.9944152832031,541.7999877929688,73.9323923,18.4709396
1752116659725853700,346.23785375976564,7.5,1.600000023841858,11.899009704589844,2.3499999046325684,7.530106067657471,335.07330322265625,541.7999877929688,73.9323665,18.4710032
1752116660724999200,347.23699926757814,7.599999904632568,1.5,11.909001350402832,2.359999895095825,7.503648281097412,334.02593994140625,541.7999877929688,73.9323352,18.4710649
1752116661724358700,348.2363586425781,8.600000381469727,1.600000023841858,11.918994903564453,2.3399999141693115,7.470292568206787,334.9749450683594,541.7999877929688,73.9323049,18.4711265
1752116662723180800,349.2351809082031,7.199999809265137,1.399999976158142,11.928983688354492,2.299999952316284,7.627838134765625,334.992919921875,541.7999877929688,73.9322708,18.4711868
1752116663723921700,350.23592163085937,7.400000095367432,1.399999976158142,11.938990592956543,2.259999990463257,7.716223239898682,338.9157409667969,541.7999877929688,73.93224,18.4712513
1752116664724174600,351.2361745605469,8.699999809265137,1.7999999523162842,11.948992729187012,2.25,7.914546966552734,339.95770263671875,541.7999877929688,73.9322134,18.471318
1752116665724031000,352.2360310058594,8.899999618530273,1.7000000476837158,11.958992004394531,2.2330000400543213,7.753835201263428,340.0042419433594,541.7999877929688,73.9321868,18.4713835
1752116666724490000,353.23648999023436,7.5,1.399999976158142,11.968996047973633,2.200000047683716,7.736623287200928,339.02069091796875,541.7999877929688,73.9321575,18.4714513
1752116667721185800,354.2331857910156,7.900000095367432,1.399999976158142,11.978962898254395,2.200000047683716,7.740124702453613,339.0009765625,541.7999877929688,73.9321302,18.4715194
1752116668724727300,355.2367272949219,6.400000095367432,1.399999976158142,11.988998413085938,2.180000066757202,7.582674026489258,341.9584655761719,541.7999877929688,73.9321105,18.4715849
1752116669724782600,356.23678247070313,5.599999904632568,1.2000000476837158,11.99899959564209,2.1600000858306885,7.577656269073486,344.9661560058594,541.7999877929688,73.9320912,18.4716542
1752116670723551500,357.23555151367185,7.800000190734863,1.7000000476837158,12.008987426757812,2.132999897003174,7.720239162445068,345.97271728515625,541.7999877929688,73.932076,18.471727
1752116671723412500,358.23541259765625,8.699999809265137,1.7000000476837158,12.018985748291016,2.0999999046325684,7.877975940704346,348.92095947265625,541.7999877929688,73.9320625,18.4717992
1752116672725079800,359.23707983398435,6.699999809265137,1.5,12.02900218963623,2.0399999618530273,8.143376350402832,348.9921875,541.7999877929688,73.9320483,18.4718713
1752116673725963500,360.2379636230469,5.800000190734863,1.5,12.039011001586914,2.0199999809265137,8.501787185668945,350.9648132324219,541.7999877929688,73.9320333,18.471949
1752116674723100700,361.2351005859375,5.199999809265137,1.399999976158142,12.048982620239258,2.0160000324249268,8.485621452331543,351.0005187988281,541.7999877929688,73.9320215,18.4720277
1752116675725505800,362.237505859375,5.099999904632568,1.399999976158142,12.059006690979004,2,8.607999801635742,350.99737548828125,541.7999877929688,73.9320084,18.4721047
1752116676725629200,363.2376291503906,5.199999809265137,1.2999999523162842,12.069007873535156,2.0199999809265137,8.454155921936035,349.0265197753906,541.7999877929688,73.9319951,18.4721802
1752116677721883600,364.23388354492187,5.400000095367432,1.2999999523162842,12.078969955444336,2.0329999923706055,8.47694206237793,348.0124816894531,541.7999877929688,73.9319785,18.4722564
1752116678726358800,365.23835888671874,4.699999809265137,1.2000000476837158,12.089015007019043,2.059999942779541,8.290986061096191,348.99462890625,541.7999877929688,73.9319645,18.4723316
1752116679722354000,366.2343540039063,4.400000095367432,1.2000000476837158,12.09897518157959,2.0829999446868896,8.0326566696167,349.0057067871094,541.7999877929688,73.9319499,18.4724035
1752116680716936700,367.22893676757815,4.900000095367432,1.2999999523162842,12.10892105102539,2.0999999046325684,8.165284156799316,348.9974060058594,541.7999877929688,73.9319393,18.4724791
1752116681727054600,368.2390546875,7.800000190734863,1.399999976158142,12.119022369384766,2.119999885559082,7.244494915008545,347.0644226074219,541.7999877929688,73.9319263,18.4725517
1752116682723368200,369.2353681640625,7.599999904632568,1.2999999523162842,12.128985404968262,2.119999885559082,7.096604347229004,348.9721374511719,541.7999877929688,73.9319158,18.4726178
1752116683723285800,370.23528564453125,8.300000190734863,1.399999976158142,12.138984680175781,2.115999937057495,7.099225997924805,349.98089599609375,541.7999877929688,73.9319047,18.4726815
1752116684726763800,371.238763671875,8.100000381469727,1.399999976158142,12.149019241333008,2.0999999046325684,7.08345365524292,350.98345947265625,541.7999877929688,73.9318975,18.4727464
1752116685718611700,372.2306118164062,8.699999809265137,1.5,12.158937454223633,2.0999999046325684,6.794464111328125,352.96649169921875,541.7999877929688,73.931891,18.4728056
1752116686725411800,373.2374118652344,7.599999904632568,1.2999999523162842,12.169005393981934,2.0999999046325684,6.073792934417725,359.9151916503906,541.7999877929688,73.9318932,18.4728652
1752116687725056300,374.23705615234377,9.899999618530273,1.2999999523162842,12.179001808166504,2.0999999046325684,4.835320472717285,1.9605045318603516,541.7999877929688,73.9318947,18.4729129
1752116688722575000,375.2345751953125,15.800000190734863,1.7999999523162842,11.899999618530273,2.0999999046325684,3.9461522102355957,4.886476039886475,536.5,73.9318952,18.4729495
1752116689723519700,376.2355197753906,22.399999618530273,1.600000023841858,11.800000190734863,2.0999999046325684,2.3336222171783447,2.9865944385528564,536.4,73.9318983,18.472975
1752116690725431800,377.2374318847656,31,1.5,2.5133614540100098,2.0999999046325684,1.5326557159423828,7.806629657745361,533,73.9318985,18.4729894
1752116691721602800,378.23360278320314,0,1.5,2.5233230590820312,2.0829999446868896,0.05496808513998985,0,533,73.9318986,18.472999
1752116692725215500,379.2372155761719,0,1.100000023841858,2.5333592891693115,2.0799999237060547,0.0010162435937672853,0,533,73.9318998,18.4729985
1752116693725494800,380.2374948730469,0,0.8999999761581421,2.5433621406555176,2.0799999237060547,0.00009487951319897547,0,533,73.9319014,18.4730012
1752116694720321300,381.2323212890625,0,0.8999999761581421,2.5533103942871094,2.065999984741211,0.00041566017898730934,0,533,73.9319016,18.4730016
1752116695723389700,382.2353896484375,0,0.800000011920929,2.6706788539886475,2.049999952316284,0.0002227846853202209,0,533,73.9319017,18.4730017
1752116696724052500,383.2360524902344,0,0.800000011920929,2.680685520172119,2.0199999809265137,0.00010056800965685397,0,533,73.9319017,18.4730017
1752116697727013000,384.2390131835937,0,0.699999988079071,2.6907150745391846,1.9800000190734863,0.000035469187423586845,0,533,73.9319017,18.4730017
1752116698724967400,385.23696752929686,0,0.699999988079071,2.7006947994232178,1.965999960899353,0.000012556477486214135,0,533,73.9319017,18.4730017
1752116699724868600,386.23686865234373,0,0.699999988079071,2.710693597793579,1.9199999570846558,0.000004368631834950065,0,533,73.9319017,18.4730017
1752116700725855500,387.23785546875,0,0.800000011920929,2.720703601837158,1.899999976158142,0.0000017739597524268902,0,533,73.9319017,18.4730017
1752116701719925200,388.23192529296875,0,0.800000011920929,2.7306442260742188,1.899999976158142,6.874520863675571e-7,0,533,73.9319017,18.4730017
1752116702721050400,389.23305029296876,0,0.800000011920929,5.293391227722168,1.899999976158142,2.6130118158107507e-7,0,532.8999633789062,73.9319017,18.4730017
1752116703723535400,390.23553540039063,0,0.800000011920929,5.3034162521362305,1.899999976158142,9.828654867760633e-8,0,532.8999633789062,73.9319017,18.4730017
1752116704716885200,391.22888525390624,0,0.699999988079071,5.313349723815918,1.899999976158142,3.0981095022752925e-8,0,532.8999633789062,73.9319017,18.4730017
1752116705721454000,392.2334541015625,0,0.800000011920929,5.323395729064941,1.899999976158142,1.1974411684434472e-8,0,532.8999633789062,73.9319017,18.4730017
1752116706723737900,393.23573779296873,0,0.699999988079071,5.333418369293213,1.8600000143051147,3.7484770842866055e-9,0,532.8999633789062,73.9319017,18.4730017
1752116707248000000,393.76,0,1.5,2.601285219192505,5.328000068664551,3.741156717751437e-9,0,532.8999633789062,73.9319017,18.4730017
1752116707722429400,394.2344294433594,0,0.699999988079071,2.606029510498047,5.295000076293945,1.2061549536923621e-9,0,532.8999633789062,73.9319017,18.4730017
1752116708729959200,395.2419592285156,0,1.600000023841858,2.6161048412323,5.244999885559082,8.475032342580846e-10,0,532.8999633789062,73.9319017,18.4730017
1752116709725889300,396.23788916015627,0,1.600000023841858,2.6260640621185303,5.195000171661377,5.328677499250034e-10,0,532.8999633789062,73.9319017,18.4730017
1752116710722531300,397.23453125,0,0.8999999761581421,2.636030435562134,5.144999980926514,1.777693270366143e-10,0,532.8999633789062,73.9319017,18.4730017
1752116711719918600,398.2319187011719,0,1.2999999523162842,2.6460044384002686,4.638000011444092,1.016215930849107e-10,0,532.8999633789062,73.9319017,18.4730017
1752116712717340400,399.22934033203126,0,1.2000000476837158,2.6559786796569824,1.6160000562667847,5.0906528992200606e-11,0,532.8999633789062,73.9319017,18.4730017
1752116713716707300,400.2287072753906,0,1.100000023841858,2.6659722328186035,1.600000023841858,2.3368199736362172e-11,0,532.8999633789062,73.9319017,18.4730017
